{"cameraMode":{"drawMode":0,"name":"Shaded","section":"Shading Mode"},"sceneLighting":true,"audioPlay":false,"sceneViewState":{"showFog":true,"showMaterialUpdate":false,"showSkybox":true,"showFlares":true,"showImageEffects":true,"showParticleSystems":true},"in2DMode":false,"pivot":{"x":-2.5379180908203127,"y":-0.8877791166305542,"z":-0.1607029139995575},"rotation":{"x":0.16889798641204835,"y":-0.7077739834785461,"z":0.1806475818157196,"w":0.6617382764816284},"size":4.149375915527344,"orthographic":false}