{"cameraMode":{"drawMode":0,"name":"Shaded","section":"Shading Mode"},"sceneLighting":false,"audioPlay":false,"sceneViewState":{"showFog":true,"showMaterialUpdate":false,"showSkybox":false,"showFlares":true,"showImageEffects":true,"showParticleSystems":true},"in2DMode":false,"pivot":{"x":0.1548537015914917,"y":0.8639999628067017,"z":-0.0690000057220459},"rotation":{"x":0.3415287435054779,"y":-0.4320090115070343,"z":0.18108169734477998,"w":0.8148407340049744},"size":0.3430933654308319,"orthographic":false}