{"cameraMode":{"drawMode":0,"name":"Shaded","section":"Shading Mode"},"sceneLighting":false,"audioPlay":false,"sceneViewState":{"showFog":true,"showMaterialUpdate":false,"showSkybox":false,"showFlares":true,"showImageEffects":true,"showParticleSystems":true},"in2DMode":false,"pivot":{"x":0.7873159050941467,"y":0.7760815620422363,"z":0.40372365713119509},"rotation":{"x":-0.09236074984073639,"y":0.5940874814987183,"z":-0.068924181163311,"w":-0.7961047291755676},"size":0.40852391719818118,"orthographic":false}