{"cameraMode":{"drawMode":0,"name":"Shaded","section":"Shading Mode"},"sceneLighting":false,"audioPlay":false,"sceneViewState":{"showFog":true,"showMaterialUpdate":false,"showSkybox":false,"showFlares":true,"showImageEffects":true,"showParticleSystems":true},"in2DMode":false,"pivot":{"x":0.18336820602416993,"y":0.9891154170036316,"z":0.1997825801372528},"rotation":{"x":0.3415287435054779,"y":-0.4320090115070343,"z":0.18108169734477998,"w":0.8148407340049744},"size":0.34309345483779909,"orthographic":false}