{"cameraMode":{"drawMode":0,"name":"Shaded","section":"Shading Mode"},"sceneLighting":true,"audioPlay":false,"sceneViewState":{"showFog":true,"showMaterialUpdate":false,"showSkybox":true,"showFlares":true,"showImageEffects":true,"showParticleSystems":true},"in2DMode":false,"pivot":{"x":-0.25407424569129946,"y":-0.03712284564971924,"z":-2.3265137672424318},"rotation":{"x":-0.04627140983939171,"y":-0.882143497467041,"z":0.46026092767715456,"w":-0.08869259804487229},"size":1.2284877300262452,"orthographic":false}