{"cameraMode":{"drawMode":0,"name":"Shaded","section":"Shading Mode"},"sceneLighting":false,"audioPlay":false,"sceneViewState":{"showFog":true,"showMaterialUpdate":false,"showSkybox":false,"showFlares":true,"showImageEffects":true,"showParticleSystems":true},"in2DMode":false,"pivot":{"x":-1.590999960899353,"y":0.20999999344348908,"z":0.374245822429657},"rotation":{"x":-0.10297925770282746,"y":0.8107209801673889,"z":-0.15004050731658936,"w":-0.5564311742782593},"size":0.08616843074560166,"orthographic":false}