{"cameraMode":{"drawMode":0,"name":"Shaded","section":"Shading Mode"},"sceneLighting":false,"audioPlay":false,"sceneViewState":{"showFog":true,"showMaterialUpdate":false,"showSkybox":false,"showFlares":true,"showImageEffects":true,"showParticleSystems":true},"in2DMode":false,"pivot":{"x":0.0,"y":1.0848500728607178,"z":-0.3319999873638153},"rotation":{"x":-0.01812591403722763,"y":-0.981346070766449,"z":0.15072350203990937,"w":-0.11803558468818665},"size":1.9119174480438233,"orthographic":false}