{"cameraMode":{"drawMode":0,"name":"Shaded","section":"Shading Mode"},"sceneLighting":false,"audioPlay":false,"sceneViewState":{"showFog":true,"showMaterialUpdate":false,"showSkybox":false,"showFlares":true,"showImageEffects":true,"showParticleSystems":true},"in2DMode":false,"pivot":{"x":-3.568000078201294,"y":0.0,"z":-0.5120000243186951},"rotation":{"x":-0.21924042701721192,"y":0.34194090962409975,"z":-0.0823793113231659,"w":-0.9100847840309143},"size":0.021650664508342744,"orthographic":false}