{"cameraMode":{"drawMode":0,"name":"Shaded","section":"Shading Mode"},"sceneLighting":true,"audioPlay":false,"sceneViewState":{"showFog":true,"showMaterialUpdate":false,"showSkybox":true,"showFlares":true,"showImageEffects":true,"showParticleSystems":true},"in2DMode":false,"pivot":{"x":5.931130409240723,"y":0.38231468200683596,"z":-0.6400629878044128},"rotation":{"x":-0.19149504601955415,"y":0.7412014603614807,"z":-0.23734332621097566,"w":-0.5980198383331299},"size":1.9794585704803467,"orthographic":false}