{"cameraMode":{"drawMode":0,"name":"Shaded","section":"Shading Mode"},"sceneLighting":false,"audioPlay":false,"sceneViewState":{"showFog":true,"showMaterialUpdate":false,"showSkybox":false,"showFlares":true,"showImageEffects":true,"showParticleSystems":true},"in2DMode":false,"pivot":{"x":3.486999988555908,"y":2.3617610931396486,"z":3.2669999599456789},"rotation":{"x":0.08969010412693024,"y":-0.8337436318397522,"z":0.1421724557876587,"w":0.5259696245193481},"size":0.8259540796279907,"orthographic":false}